File,X,Y,Z
F01A0V1,-0.204,1.021,-0.125
F01A0V2,-0.352,1.026,0.063
F01A1V1,-0.24,1.027,0.962
F01A1V2,0.056,1.017,0.32
F01A1V3,-0.183,1.027,0.815
F01A2V1,-0.134,1.024,0.824
F01A3V1,-0.461,1.019,0.53
F01A4V1,-0.599,1.022,0.372
F01A5V1,-0.676,1.019,0.245
F01D0V1,-0.365,1.024,0.239
F01D0V2,-0.396,1.019,0.16
F01D1V1,-0.006,1.03,0.236
F01D2V1,-0.146,1.03,-0.003
F01D3V1,-0.176,1.029,0.08
F01D4V1,-0.244,1.026,0.164
F01D5V1,-0.397,1.021,0.235
F01D5V2,-0.505,1.028,0.242
F01F0V1,-0.213,1.025,0.303
F01F1V1,-0.171,1.025,0.795
F01F2V1,-0.407,1.023,1.018
F01F2V2,0.067,1.013,0.248
F01F3V1,0.205,1.023,0.862
F01F4V1,-0.186,1.002,1.031
F01F4V2,-0.193,1.019,1.556
F01F5V1,-0.243,1.002,2.505
F01H0V1,-0.136,1.031,-0.033
F01H0V2,-0.425,1.031,-0.053
F01H0V3,-0.49,1.026,-0.137
F01H1V1,-0.458,1.029,0.04
F01H2V1,-0.777,1.027,0.253
F01H3V1,-0.75,1.026,0.224
F01H3V2,0.113,1.014,0.006
F01H4V1,0.02,1.021,0.197
F01H5V1,-0.161,1.027,0.65
F01N1V1,-0.646,1.03,0.133
F01N1V2,-0.732,1.03,0.163
F01N2V1,-0.722,1.029,0.175
F01N3V1,-0.713,1.028,0.114
F01N4V1,-0.782,1.029,0.247
F01N5V1,-0.809,1.031,0.166
F01SA0V1,-0.5,1.04,-0.178
F01SA0V2,-0.018,1.028,0.142
F01SA1V1,0.022,1.029,-0.072
F01SA1V2,0.054,1.024,-0.183
F01SA1V3,0.099,1.028,-0.274
F01SA2V1,0.194,1.044,-0.274
F01SA3V1,0.333,1.039,-0.26
F01SA3V2,0.386,1.025,-0.057
F01SA4V1,0.508,1.022,-0.215
F01SA5V1,-0.16,1.027,0.489
F01SU0V1,0.01,1.028,-0.133
F01SU1V1,-0.512,1.028,0.291
F01SU2V1,-0.507,1.029,0.269
F01SU3V1,-0.713,1.041,0.388
F01SU4V1,-0.695,1.027,0.331
F01SU5V1,-0.63,1.025,0.25
F02A0V1,0.023,1.024,-0.849
F02A0V2,0.088,1.021,-0.933
F02A1V1,-0.59,1.025,0.136
F02A2V1,-0.64,1.023,0.112
F02A2V2,-0.348,1.017,-0.192
F02A3V1,-0.107,1.02,-0.189
F02A4V1,-0.038,1.017,-0.294
F02A5V1,-0.091,1.019,-0.444
F02D0V1,0.14,1.025,-0.045
F02D0V2,-0.001,1.021,0.312
F02D0V4,0.1,1.027,-0.108
F02D1V1,-0.035,1.024,-0.614
F02D1V2,0.012,1.022,-0.696
F02D2V1,-0.052,1.027,-0.023
F02D3V1,-0.146,1.026,-0.245
F02D4V1,-0.177,1.026,-0.308
F02D4V2,-0.087,1.028,-0.045
F02D5V1,-0.135,1.028,-0.049
F02F0V1,0.205,1.025,-1.077
F02F1V1,0.12,1.024,-0.153
F02F1V2,0.11,1.023,-0.331
F02F2V1,-0.156,1.025,-0.012
F02F3V1,-0.216,1.026,-0.033
F02F3V2,-0.126,1.025,-0.103
F02F4V1,0.033,1.024,-0.213
F02F5V1,0.067,1.027,-0.332
F02H0V1,0.326,1.026,0.248
F02H0V2,0.201,1.008,-0.099
F02H0V3,-0.008,1.03,0.065
F02H0V4,-0.033,1.025,0.188
F02H1V1,0.11,1.027,-0.353
F02H1V2,0.132,1.028,-0.612
F02H2V1,0.068,1.024,-0.48
F02H2V2,0.155,1.026,-0.666
F02H2V3,0.236,1.026,-0.934
F02H3V1,0.286,1.013,-0.965
F02H4V1,0.426,1.023,-1.103
F02H5V1,0.305,1.022,-1.143
F02H5V2,-0.484,1.021,0.118
F02N1V1,0.215,1.027,-0.269
F02N2V1,0.275,1.026,-0.428
F02N3V1,0.314,1.024,-0.516
F02N4V1,0.366,1.026,-0.65
F02N4V2,0.009,1.025,0.024
F02N5V1,0.058,1.027,-0.025
F02SA0V1,0.147,1.024,-1.028
F02SA1V1,-0.196,1.024,-0.082
F02SA1V2,-0.254,1.026,-0.125
F02SA2V1,-0.268,1.029,-0.293
F02SA3V1,-0.258,1.028,-0.22
F02SA4V1,-0.299,1.026,-0.414
F02SA5V1,-0.358,1.015,-0.26
F02SU0V1,0.145,1.026,-0.218
F02SU1V1,-0.264,1.028,-0.597
F02SU2V1,-0.271,1.021,0.126
F02SU2V2,-0.574,1.027,-0.045
F02SU3V1,-0.387,1.021,-0.216
F02SU4V1,-0.382,1.025,-0.371
F02SU5V1,-0.114,1.024,0.064
F03A0V1,-1.009,1.023,-0.11
F03A1V1,-0.877,1.024,-0.575
F03A1V2,-0.036,1.027,0.081
F03A2V1,-0.127,1.021,0.092
F03A3V1,-0.18,1.024,0.056
F03A4V1,-0.115,1.024,-0.05
F03A5V1,-0.205,1.024,0.03
F03A5V2,-0.282,1.025,-0.037
F03D0V1,-1.226,1.024,-0.582
F03D1V1,-0.754,1.026,-0.266
F03D2V1,-0.855,1.018,-0.162
F03D3V1,-0.96,1.023,-0.234
F03D4V1,-0.937,1.025,-0.295
F03D5V1,-0.973,1.023,-0.365
F03F0V1,-0.067,1.027,0.076
F03F0V2,-0.126,1.024,0.038
F03F1V1,-0.299,1.022,-0.368
F03F1V2,-0.328,1.02,-0.423
F03F2V1,-0.397,1.02,-0.544
F03F3V1,-0.509,1.021,-0.595
F03F4V1,-0.662,1.024,-0.541
F03F5V1,-0.744,1.024,-0.493
F03H0V1,-0.512,1.016,-0.067
F03H0V2,-0.832,1.022,-0.09
F03H1V1,-0.425,1.026,-0.094
F03H2V1,-0.495,1.023,-0.119
F03H3V1,-0.424,1.025,-0.172
F03H3V2,-0.602,1.012,-0.267
F03H4V1,-0.648,1.023,-0.269
F03H5V1,-0.698,1.013,-0.178
F03N1V1,-0.01,1.023,-0.019
F03N2V1,-0.028,1.026,-0.074
F03N3V1,-0.053,1.027,-0.233
F03N3V2,-0.085,1.027,-0.29
F03N4V1,-0.109,1.025,-0.357
F03N4V2,-0.172,1.022,-0.339
F03N5V1,-0.221,1.026,-0.341
F03SA0V1,-0.944,1.025,-0.012
F03SA1V1,-1.278,1.02,-0.624
F03SA2V1,-1.303,1.02,-0.798
F03SA3V1,-1.372,1.017,-0.688
F03SA4V1,-1.423,1.017,-0.733
F03SA5V1,-1.52,1.02,-0.845
F03SU0V1,-0.157,1.029,-0.049
F03SU0V2,-0.247,1.027,-0.084
F03SU1V1,-0.974,1.024,-0.358
F03SU2V1,-0.957,1.021,-0.457
F03SU3V1,-0.999,1.018,-0.48
F03SU3V2,-1.056,1.019,-0.502
F03SU4V1,-1.156,1.019,-0.56
F03SU5V1,-1.219,1.022,-0.578
F05A0V1,-0.739,1.016,-0.307
F05A1V1,1.589,1.023,-1.647
F05A2V1,1.504,1.029,-1.563
F05A3V1,1.36,1.02,-1.448
F05A4V1,1.212,1.026,-1.332
F05A5V1,-0.289,1.022,-0.201
F05D0V1,-0.022,1.016,-0.109
F05D1V1,-1.471,1.013,-1.175
F05D1V2,-1.617,1.016,-1.051
F05D1V3,-1.923,1.016,-1.252
F05D2V1,-1.916,1.018,-1.377
F05D3V1,-1.898,1.019,-1.323
F05D3V2,-2.05,1.022,-1.248
F05D4V1,1.924,1.028,-1.934
F05D4V2,1.794,1.027,-1.819
F05D5V1,1.696,1.027,-1.741
F05F0V1,-0.031,1.021,-0.056
F05F0V2,-0.057,1.021,-0.103
F05F0V3,-0.106,1.021,-0.088
F05F0V4,-0.157,1.021,-0.162
F05F0V5,-0.176,1.022,-0.376
F05F1V1,-0.848,1.021,-0.294
F05F1V2,-1.045,1.026,-0.343
F05F2V1,-1.054,1.022,-0.278
F05F2V2,-1.142,1.018,-0.254
F05F3V1,-1.273,1.023,-0.53
F05F3V2,-1.376,1.023,-0.488
F05F4V1,-1.256,1.016,-1.09
F05F5V1,-1.442,1.016,-1.031
F05H0V1,0.334,1.019,-2.07
F05H1V1,-0.433,1.02,0.034
F05H2V1,-0.481,1.026,-0.036
F05H3V1,-0.602,1.023,-0.11
F05H4V1,-0.68,1.025,-0.179
F05H5V1,-0.507,1.024,-0.159
F05H5V2,-0.552,1.025,-0.248
F05N1V1,0.022,1.026,0.03
F05N1V2,-0.021,1.025,0.008
F05N2V1,-0.061,1.025,-0.024
F05N2V2,-0.068,1.02,-0.364
F05N3V1,-0.164,1.028,-0.243
F05N4V1,-0.26,1.023,-0.247
F05N4V2,-0.382,1.026,-0.323
F05N5V1,-0.484,1.024,-0.377
F05N5V2,-0.686,1.023,-0.159
F05SA0V1,-0.106,1.021,-0.17
F05SA0V2,-0.132,1.016,-0.217
F05SA1V1,-0.547,1.021,0.017
F05SA2V1,-0.581,1.025,-0.065
F05SA3V1,-0.585,1.026,-0.099
F05SA4V1,-0.687,1.023,-0.192
F05SA5V1,-0.732,1.022,-0.243
F05SU0V1,0.444,1.023,-2.262
F05SU0V2,-0.434,1.024,0.052
F05SU0V3,0.036,1.019,0.005
F05SU0V4,-0.388,1.014,-1.462
F05SU1V1,-0.357,1.026,-0.166
F05SU2V1,-0.364,1.026,-0.198
F05SU2V2,-0.104,1.026,0.063
F05SU3V1,-0.296,1.024,0.105
F05SU3V2,-0.089,1.023,-0.056
F05SU4V1,-0.592,1.025,0.133
F05SU5V1,-0.611,1.022,0.094
F06A0V1,0.047,1.03,-0.302
F06A0V2,-0.13,1.029,-0.488
F06A0V3,-0.482,1.026,0.004
F06A1V1,0.026,1.027,-0.18
F06A2V1,-0.549,1.023,-0.155
F06A2V2,0.039,1.028,0.018
F06A2V3,0.047,1.018,-0.098
F06A3V1,-0.03,1.023,0.016
F06A3V2,0,1.02,-0.009
F06A3V3,-0.071,1.026,0.002
F06A4V1,0.069,1.034,-0.497
F06A4V2,-0.14,1.029,-0.125
F06A5V1,-0.2,1.034,0.051
F06A5V2,-0.269,1.038,-0.015
F06A5V3,-0.278,1.027,-0.124
F06D0V1,-0.728,1.023,-0.387
F06D0V2,-0.712,1.02,0.056
F06D1V1,0.623,1.027,-3.412
F06D1V2,0.624,1.025,-3.347
F06D2V1,0.581,1.025,-3.451
F06D3V1,0.616,1.026,-3.495
F06D4V1,0.588,1.028,-3.761
F06D5V1,0.734,1.023,-3.724
F06D5V2,0.715,1.024,-3.87
F06D5V3,0.723,1.02,-3.905
F06F0V1,0.075,1.022,-0.572
F06F0V2,-0.248,1.024,-0.441
F06F0V3,-0.406,1.023,-0.178
F06F1V1,-0.325,1.027,-0.512
F06F2V1,-0.35,1.024,0.022
F06F2V2,-0.322,1.024,-0.039
F06F3V1,-0.306,1.028,-0.142
F06F3V2,-0.497,1.028,-0.232
F06F3V3,-0.592,1.028,-0.392
F06F4V1,-0.602,1.026,-0.495
F06F5V1,-0.737,1.028,-0.522
F06H0V1,0.886,1.027,-2.271
F06H0V2,0.768,1.027,-2.365
F06H0V3,0.77,1.026,-2.491
F06H0V4,0.012,1.026,-0.024
F06H1V1,-0.247,1.039,-0.253
F06H2V1,-0.094,1.022,-0.172
F06H3V1,-0.577,1.024,-0.195
F06H4V1,0.045,1.026,0.064
F06H5V1,-0.517,1.026,-0.165
F06N1V1,-0.647,1.018,-0.258
F06N2V1,-0.65,1.022,-0.287
F06N3V1,-0.643,1.017,-0.309
F06N4V1,-0.605,1.022,-0.273
F06N5V1,-0.701,1.024,-0.001
F06N5V2,0.017,1.024,-0.034
F06SA0V1,-0.477,1.022,-0.041
F06SA0V2,-0.486,1.023,-0.978
F06SA1V1,0.763,1.026,-3.971
F06SA2V1,0.659,1.026,-4.079
F06SA2V2,0.678,1.025,-4.094
F06SA2V3,-0.059,1.027,0.01
F06SA3V1,-0.09,1.026,0.036
F06SA4V1,-0.023,1.024,0.009
F06SA5V1,-0.006,1.024,-0.083
F06SA5V2,-0.054,1.023,-0.146
F06SU0V1,0.135,1.024,-0.273
F06SU0V2,-0.096,1.019,-0.012
F06SU1V1,-0.014,1.022,0.052
F06SU1V2,-0.076,1.025,-0.007
F06SU1V3,-0.245,1.026,-0.117
F06SU1V4,-0.427,1.017,-0.342
F06SU2V1,-0.311,1.026,-0.413
F06SU2V2,-0.359,1.027,-0.484
F06SU2V3,-0.61,1.027,-0.082
F06SU2V4,-0.656,1.027,-0.055
F06SU3V1,-0.332,1.045,-0.606
F06SU3V2,-0.399,1.028,-0.319
F06SU3V3,-0.616,1.029,-0.002
F06SU4V1,-0.236,1.026,-0.016
F06SU4V2,-0.342,1.027,0.017
F06SU4V3,-0.316,1.028,-0.412
F06SU5V1,-0.644,1.027,0.011
F07A0V1,-2.484,1.019,-1.165
F07A0V2,-0.751,1.04,-0.379
F07A0V3,-3.163,1.029,-2.396
F07A0V4,-3.19,1.028,-2.45
F07A1V1,-1.044,1.029,0.73
F07A2V1,-1.369,1.025,0.992
F07A3V1,-1.369,1.028,0.898
F07A4V1,-0.511,1.025,-0.018
F07A5V1,-0.572,1.027,-0.22
F07D0V1,-0.645,1.021,-0.686
F07D0V2,-1.274,1.022,-0.835
F07D1V1,-0.554,1.028,-0.378
F07D1V2,-0.544,1.024,-0.433
F07D1V3,-0.579,1.024,-0.539
F07D2V1,-0.602,1.023,-0.596
F07D2V2,-0.663,1.02,-0.7
F07D2V3,-0.722,1.028,-0.277
F07D3V1,-0.22,1.024,-0.34
F07D3V2,-0.125,1.028,-0.479
F07D4V1,-0.705,1.026,-0.642
F07D5V1,-0.026,1.038,-0.46
F07F0V1,-3.419,1.03,-2.662
F07F1V1,-1.052,1.025,-0.393
F07F1V2,-1.226,1.026,-0.391
F07F2V1,-1.279,1.027,-0.707
F07F2V2,-1.246,1.026,-0.673
F07F3V1,-1.454,1.028,-1.064
F07F4V1,-1.534,1.017,-1.081
F07F4V2,-1.6,1.025,-0.969
F07F5V1,-1.749,1.019,-0.73
F07F5V2,-0.502,1.019,-0.004
F07H0V1,-0.656,1.03,0.632
F07H1V1,-0.144,1.025,0.072
F07H2V1,-0.382,1.026,0.816
F07H3V1,-0.458,1.027,0.901
F07H4V1,-0.564,1.027,0.782
F07H5V1,-0.933,1.028,0.752
F07N1V1,-3.407,1.028,-2.682
F07N1V2,-3.475,1.028,-2.749
F07N2V1,-3.486,1.028,-2.786
F07N3V1,-3.508,1.025,-2.819
F07N4V1,-3.567,1.027,-2.83
F07N4V2,-3.602,1.025,-2.874
F07N5V1,-3.679,1.029,-2.803
F07SA0V1,-1.204,1.026,1.398
F07SA1V1,-3.788,1.03,-2.776
F07SA1V2,-3.804,1.028,-2.836
F07SA2V1,-3.996,1.029,-2.928
F07SA3V1,-3.931,1.03,-3.387
F07SA3V2,-0.024,1.029,-0.428
F07SA3V3,-0.171,1.025,-0.047
F07SA4V1,-0.304,1.032,-0.524
F07SA5V1,-0.559,1.028,-0.121
F07SU0V1,0.026,1.029,0.186
F07SU0V2,-0.373,1.021,-0.378
F07SU1V1,-0.152,1.028,-0.62
F07SU1V2,0.006,1.027,-0.002
F07SU2V1,0.088,1.027,-0.177
F07SU2V2,0.065,1.028,-0.449
F07SU3V1,-0.038,1.027,-1.314
F07SU3V2,-0.61,1.02,-0.089
F07SU4V1,-0.264,1.028,-0.467
F07SU5V1,-0.743,1.027,-0.49
F08A0V1,-0.471,1.023,-0.06
F08A0V2,-0.5,1.018,-0.155
F08A1V1,-0.598,1.024,-0.037
F08A2V1,-0.474,1.021,-0.227
F08A3V1,-0.426,1.027,-0.565
F08A4V1,-0.439,1.023,-0.551
F08A4V2,0.115,1.02,0.061
F08A5V1,0.152,1.027,-0.194
F08A5V2,0.207,1.026,-0.438
F08D0V1,-0.424,1.021,0.015
F08D1V1,0,1.02,0.15
F08D2V1,0.055,1.027,-0.105
F08D3V1,-0.042,1.025,-0.16
F08D3V2,-0.075,1.023,0.006
F08D4V1,-0.212,1.027,0.033
F08D4V2,-0.165,1.027,0.104
F08D5V1,-0.65,1.027,0.077
F08F0V1,-0.722,1.025,-0.53
F08F1V1,0.452,1.02,-1.407
F08F1V2,0.524,1.025,-1.072
F08F2V1,0.504,1.025,-1.194
F08F3V1,0.484,1.025,-1.364
F08F4V1,0.596,1.027,-1.534
F08F4V2,0.593,1.024,-1.782
F08F5V1,-0.081,1.024,-0.114
F08F5V2,0.043,1.025,0.014
F08H0V1,1.547,1.019,-1.439
F08H0V2,-0.042,1.027,0.006
F08H0V3,-0.033,1.027,-0.027
F08H1V1,-0.398,1.027,-0.008
F08H1V2,-0.364,1.022,-0.201
F08H1V3,-0.252,1.026,-0.036
F08H1V4,-0.195,1.025,0.229
F08H2V1,-0.334,1.026,0.268
F08H2V2,-0.401,1.027,0.172
F08H3V1,0.006,1.027,0.056
F08H3V2,-0.334,1.027,0.013
F08H4V1,-0.418,1.026,0.024
F08H5V1,-0.508,1.02,-0.095
F08H5V2,0.045,1.026,-0.271
F08N1V1,-0.701,1.024,-0.06
F08N1V2,-0.707,1.024,-0.122
F08N2V1,-0.669,1.026,-0.329
F08N3V1,-0.735,1.026,-0.302
F08N4V1,-0.762,1.023,-0.351
F08N4V2,-0.842,1.022,-0.451
F08N5V1,-0.791,1.024,-0.5
F08SA0V1,-0.542,1.026,-0.255
F08SA0V2,-0.592,1.024,-0.484
F08SA0V3,-0.735,1.024,-0.503
F08SA1V1,0.233,1.026,-0.153
F08SA2V1,0.272,1.026,-0.565
F08SA3V1,0.241,1.024,-0.654
F08SA3V2,0.343,1.019,-0.726
F08SA4V1,0.294,1.024,-0.833
F08SA4V2,0.404,1.024,-1.167
F08SA5V1,0.46,1.024,-1.226
F08SU0V1,-0.653,1.023,0.076
F08SU1V1,-0.704,1.027,0.145
F08SU2V1,-0.574,1.028,0.042
F08SU2V2,-0.379,1.027,-0.136
F08SU3V1,-0.301,1.027,-0.266
F08SU4V1,-0.366,1.027,-0.168
F08SU4V2,-0.448,1.027,0.007
F08SU5V1,-0.477,1.024,-0.13
F08SU5V2,-0.451,1.023,-0.219
F09A0V1,-0.376,1.028,-0.122
F09A0V2,-0.451,1.025,-0.302
F09A1V1,-0.504,1.024,-0.319
F09A1V2,-0.545,1.025,-0.36
F09A2V1,-0.503,1.026,-0.384
F09A2V2,-0.438,1.026,-0.833
F09A3V1,-0.578,1.026,-1.106
F09A3V2,-0.751,1.027,-1.29
F09A4V1,-0.797,1.027,-1.399
F09A5V1,-0.886,1.026,-1.357
F09D0V2,-0.075,1.027,-0.035
F09D0V3,-0.499,1.029,0.395
F09D1V1,-0.13,1.023,-2.309
F09D1V2,-0.156,1.03,0.005
F09D2V1,-0.226,1.022,-0.012
F09D2V2,-0.165,1.028,-0.108
F09D2V3,-0.227,1.027,-0.226
F09D3V1,-0.209,1.028,-0.297
F09D3V2,-0.236,1.023,-0.203
F09D4V1,-0.103,1.025,-0.582
F09D5V1,-0.162,1.025,-0.492
F09F0V1,-0.344,1.027,0.315
F09F0V2,-0.021,1.029,0.016
F09F0V3,-0.007,1.029,-0.093
F09F1V1,-0.899,1.022,-1.346
F09F1V2,-1.041,1.021,-1.285
F09F2V1,-1.038,1.017,-1.218
F09F3V1,-1.258,1.024,-1.382
F09F4V1,-1.261,1.02,-1.751
F09F5V1,-1.391,1.016,-1.781
F09H0V1,0.971,1.029,-1.94
F09H1V1,-1.304,1.024,0.61
F09H2V1,-1.363,1.024,0.565
F09H3V1,-1.425,1.021,0.137
F09H3V2,-1.301,1.021,-0.485
F09H3V3,-0.224,1.025,-0.24
F09H4V1,-0.244,1.022,-0.278
F09H5V1,-0.478,1.025,-0.244
F09N1V1,-0.048,1.03,-0.656
F09N1V2,-0.062,1.029,-0.794
F09N2V1,-0.065,1.03,-0.852
F09N2V2,-0.042,1.03,-1.006
F09N3V1,-0.087,1.03,-1.118
F09N3V2,-0.082,1.031,-1.211
F09N3V3,-0.082,1.031,-2.098
F09N4V1,-0.078,1.031,-2.141
F09N5V1,-0.084,1.03,-2.226
F09SA0V1,0.018,1.03,-0.376
F09SA1V1,-0.825,1.025,-1.727
F09SA1V2,-0.821,1.024,-1.721
F09SA1V3,-0.34,1.023,-2.041
F09SA2V1,-0.361,1.024,-2.098
F09SA2V2,-0.376,1.027,-0.145
F09SA3V1,-0.394,1.025,-0.378
F09SA3V2,-0.402,1.025,-0.51
F09SA4V1,-0.242,1.027,0.469
F09SA5V1,-0.201,1.022,0.314
F09SA5V2,-1.246,1.022,0.726
F09SU0V1,-0.001,1.029,-0.523
F09SU1V1,-0.175,1.026,-0.608
F09SU1V2,-0.266,1.024,-0.685
F09SU2V1,-0.415,1.022,-0.668
F09SU3V1,-0.393,1.024,-0.916
F09SU3V2,-0.619,1.025,-1.032
F09SU3V3,-0.604,1.025,-1.104
F09SU3V4,-0.695,1.023,-1.432
F09SU4V1,-0.655,1.025,-1.418
F09SU5V1,-0.696,1.025,-1.479
F09SU5V2,-0.755,1.026,-1.644
F10A0V1,0.634,1.024,-1.199
F10A0V2,-0.173,1.027,-0.046
F10A0V3,-0.393,1.026,-0.117
F10A1V1,-0.244,1.021,-0.403
F10A1V2,-0.338,1.024,-0.352
F10A2V1,-0.365,1.024,-0.391
F10A2V2,-0.404,1.026,-0.437
F10A3V1,-0.347,1.025,-0.944
F10A3V2,-0.443,1.026,0.023
F10A4V1,-0.481,1.024,0.123
F10A4V2,-0.395,1.025,-0.018
F10A5V1,-0.349,1.026,-0.088
F10D0V1,-0.44,1.026,-0.149
F10D1V1,-0.46,1.023,-0.224
F10D1V2,-0.554,1.024,-0.305
F10D2V1,-0.527,1.023,-0.429
F10D3V1,-0.541,1.022,-0.455
F10D3V2,-0.497,1.02,-0.443
F10D4V1,-0.479,1.024,-0.518
F10D5V1,-0.468,1.024,-0.51
F10F0V1,-0.54,1.026,-0.135
F10F0V2,-0.473,1.026,-0.145
F10F1V1,-0.179,1.023,-0.599
F10F2V1,-0.094,1.026,-0.696
F10F3V1,0.029,1.022,-0.637
F10F3V2,0.067,1.023,-0.761
F10F4V1,-0.505,1.014,0.08
F10F4V2,-0.484,1.022,0.106
F10F5V1,-0.492,1.019,0.129
F10F5V2,-0.473,1.018,0.22
F10H0V1,0.588,1.027,-0.733
F10H0V2,0.51,1.026,-0.861
F10H0V3,0.636,1.024,-1.154
F10H1V1,-0.377,1.023,0.085
F10H1V2,-0.028,1.025,0.106
F10H2V1,-0.154,1.024,0.184
F10H3V1,-0.192,1.019,0.004
F10H3V2,-0.203,1.024,0.067
F10H4V1,-0.229,1.024,0.058
F10H5V1,-0.305,1.021,-0.026
F10H5V2,0.061,1.024,-0.118
F10N1V1,-0.4,1.027,-0.429
F10N2V1,-0.356,1.027,-0.481
F10N3V1,0.005,1.028,-0.236
F10N4V1,-0.046,1.025,-0.343
F10N5V1,-0.032,1.026,-0.375
F10SA0V1,-0.356,1.027,-0.262
F10SA0V2,-0.524,1.026,0.005
F10SA1V1,-0.461,1.024,-0.545
F10SA2V1,-0.473,1.023,-0.017
F10SA2V2,-0.428,1.024,-0.041
F10SA2V3,-0.397,1.025,-0.126
F10SA3V1,-0.329,1.024,-0.159
F10SA4V1,-0.223,1.022,-0.375
F10SA4V2,-0.16,1.025,-0.464
F10SA5V1,-0.173,1.024,-0.624
F10SU0V1,-0.429,1.027,-0.31
F10SU0V2,-0.389,1.027,-0.324
F10SU1V1,-0.067,1.025,-0.376
F10SU2V1,-0.015,1.026,-0.465
F10SU3V1,0.023,1.027,-0.525
F10SU3V2,0.058,1.026,-0.565
F10SU3V3,-0.334,1.026,0.108
F10SU4V1,-0.319,1.026,-0.062
F10SU4V2,-0.272,1.023,-0.135
F10SU5V1,-0.256,1.026,-0.184
F11A0V1,0.47,1.022,-1.867
F11A0V2,-0.117,1.024,-0.017
F11A1V1,-0.088,0.843,0.179
F11A1V2,-0.057,1.02,0.257
F11A2V1,0.041,1.018,0.172
F11A3V1,-0.156,1.023,0.204
F11A3V2,-0.242,1.014,0.08
F11A4V1,-0.38,1.012,0.193
F11A4V2,-0.471,1.017,0.21
F11A5V1,-0.556,1.023,0.358
F11D0V1,-0.912,1.014,-0.372
F11D0V2,-1.011,1.019,-0.372
F11D1V1,-2.078,1.014,-0.48
F11D2V1,-2.244,1.019,0.323
F11D2V2,-2.443,1.01,0.505
F11D3V1,-2.57,1.014,0.369
F11D4V1,-2.535,1.018,-0.123
F11D5V1,-2.702,1.017,-0.09
F11D5V2,-2.882,1.04,0.071
F11F0V1,-0.457,1.017,0.064
F11F0V2,-0.606,1.022,-0.082
F11F0V3,-0.713,1.01,0.077
F11F1V1,-1.524,1.013,-0.391
F11F1V2,-1.692,1.02,-0.145
F11F2V1,-1.613,1.011,-0.253
F11F3V1,-1.658,1.011,-0.376
F11F4V1,-1.429,1.017,-0.584
F11F4V2,-1.625,1.007,-0.442
F11F5V1,-1.843,1.004,-0.552
F11H0V1,0.761,0.994,-2.133
F11H1V1,-1.292,1.018,0.269
F11H1V2,-0.479,1.041,-0.012
F11H2V1,-0.076,1.025,0.064
F11H3V1,-0.643,1.028,0.295
F11H4V1,-0.709,1.026,0.355
F11H5V1,-0.044,1.035,-0.063
F11N1V1,-1.148,1.016,-0.175
F11N1V2,-1.254,1.021,-0.367
F11N1V3,-1.265,1.024,-0.269
F11N2V1,-1.271,1.019,-0.292
F11N3V1,-1.501,1.022,-0.481
F11N4V1,-1.451,1.026,-0.543
F11N5V1,-1.499,1.025,-0.415
F11SA0V1,-0.324,1.018,-0.03
F11SA1V1,-0.615,1.025,0.511
F11SA2V1,-0.763,1.027,0.473
F11SA3V1,-0.873,1.025,0.357
F11SA3V2,-0.871,1.021,0.3
F11SA4V1,-0.918,1.021,0.295
F11SA4V2,-1.045,1.019,0.266
F11SA5V1,-1.21,1.023,0.226
F11SU0V1,-1.189,1.022,-0.402
F11SU1V1,-3.119,1.009,0.146
F11SU1V2,-3.185,1.011,-0.036
F11SU2V1,-3.134,1.012,-0.125
F11SU3V1,-3.263,1.021,-0.042
F11SU3V2,-3.283,1.001,-0.293
F11SU4V1,-3.03,1.017,-0.492
F11SU4V2,-3.118,1.022,-0.5
F11SU5V1,-3.145,1.003,-0.521
F12A0V1,0.935,1.026,-1.163
F12A1V1,-0.755,1.027,-0.691
F12A2V1,-0.827,1.025,-0.636
F12A3V1,-0.435,1.026,-0.062
F12A4V1,-0.203,1.026,0.018
F12A4V2,-0.214,1.024,0.174
F12A5V1,-0.238,1.024,0.152
F12D0V1,-0.638,1.027,0.101
F12D0V2,-0.667,1.027,0.02
F12D1V1,-0.713,1.025,-0.297
F12D2V1,-0.743,1.027,-0.293
F12D3V1,-0.769,1.026,-0.274
F12D3V2,-0.696,1.025,-0.353
F12D4V1,-0.719,1.027,-0.417
F12D4V2,-0.782,1.026,-0.46
F12D5V1,-0.756,1.025,-0.611
F12F0V1,-0.533,1.025,-0.02
F12F1V1,-0.199,1.026,0.185
F12F2V1,-0.082,1.026,0.288
F12F3V1,-0.186,1.02,0.303
F12F4V1,-0.211,1.022,0.254
F12F5V1,-0.599,1.026,-0.138
F12H0V1,1.193,1.026,-2.449
F12H0V2,0.994,1.025,-1.994
F12H0V3,0.807,1.026,-1.366
F12H1V1,-0.589,1.027,-0.179
F12H2V1,-0.577,1.025,-0.256
F12H3V1,-0.63,1.026,-0.154
F12H4V1,-0.606,1.026,-0.103
F12H5V1,-0.477,1.027,0.065
F12N1V1,-0.705,1.026,-0.046
F12N2V1,-0.725,1.026,-0.09
F12N3V1,-0.787,1.026,-0.159
F12N4V1,-0.817,1.028,-0.227
F12N5V1,-0.718,1.027,-0.341
F12SA0V1,-0.417,1.026,-0.008
F12SA1V1,-0.498,1.03,-0.198
F12SA2V1,-0.522,1.026,-0.212
F12SA3V1,-0.577,1.023,-0.031
F12SA3V2,-0.602,1.025,-0.271
F12SA4V1,-0.558,1.025,-0.17
F12SA5V1,-0.617,1.024,-0.256
F12SU0V1,-0.687,1.025,-0.081
F12SU1V1,-0.653,1.027,-0.354
F12SU2V1,-0.763,1.027,-0.278
F12SU3V1,-0.59,1.025,-0.368
F12SU4V1,-0.632,1.026,-0.284
F12SU5V1,-0.671,1.024,-0.298
M01A0V1,-0.169,1.018,0.067
M01A1V1,-0.271,1.019,0.253
M01A1V2,-0.716,1.024,-0.036
M01A1V3,-0.805,1.02,0.192
M01A2V1,-0.677,1.018,-0.258
M01A2V2,-0.255,1.018,-0.041
M01A3V1,-0.503,1.018,0.097
M01A3V2,-0.512,1.019,0.08
M01A4V1,-0.918,1.021,-0.384
M01A5V1,-0.652,1.015,-0.174
M01D0V1,-1.799,1.012,-1.99
M01D0V2,-0.11,1.017,-0.33
M01D1V1,-0.296,1.021,-1.561
M01D1V2,-0.151,1.02,-1.791
M01D1V3,0.134,1,-1.11
M01D2V1,-0.528,1.021,0.235
M01D2V2,-0.576,1.02,-0.327
M01D3V1,0.722,1.015,-0.901
M01D3V2,-0.155,1.024,-0.083
M01D3V3,-0.062,1.013,0.141
M01D3V4,-0.153,1.017,0.352
M01D4V1,-0.143,1.02,0.582
M01D5V1,-0.187,1.02,0.72
M01D5V2,-0.137,1.019,-0.051
M01F0V1,-0.007,1.031,-0.056
M01F1V1,-0.734,1.019,-0.002
M01F1V2,-0.273,1.018,0.392
M01F1V3,-0.455,1.019,0.162
M01F2V1,-0.29,1.018,0.422
M01F2V2,-0.121,1.019,-0.135
M01F3V1,-0.233,1.018,-0.385
M01F4V1,-0.59,1.001,-0.394
M01F4V2,-0.169,1.008,-0.294
M01F4V3,0.068,1.016,-0.236
M01F5V1,-0.045,1.015,-0.291
M01F5V2,-0.087,1.011,0.183
M01H0V1,0.211,1.025,-1.279
M01H0V2,-0.159,1.024,-1.445
M01H0V3,-0.83,1.021,-1.531
M01H1V1,-0.118,1.016,0.391
M01H2V1,-0.173,1.014,0.18
M01H3V1,-0.484,1.016,0.673
M01H4V1,-0.534,1.019,-0.112
M01H5V1,-0.839,1.017,0.443
M01N0V1,0.035,1.025,0.139
M01N1V1,-0.381,1.021,0.133
M01N1V2,-0.502,1.024,-0.151
M01N2V1,-0.522,1.018,-0.095
M01N2V2,-0.038,1.011,-0.182
M01N3V1,0.016,1.028,0.05
M01N4V1,0.033,1.01,-0.066
M01N5V1,-0.447,1.026,0.985
M01SA0V1,-0.109,1.023,-0.336
M01SA0V2,0.971,1.021,-1.733
M01SA0V3,0.07,1.006,-1.365
M01SA1V1,-0.283,1.015,-0.169
M01SA1V2,-0.314,1.011,-0.019
M01SA2V1,-0.147,1.021,-0.404
M01SA2V2,0.053,1.018,0.051
M01SA3V1,0.001,1.014,-0.111
M01SA4V1,-0.297,1.017,0.153
M01SA4V2,-0.495,1.018,-0.074
M01SA5V1,0.54,1.015,-1.18
M01SA5V2,1.151,1.021,-1.241
M01SU0V1,0.223,1.024,-0.26
M01SU0V2,-0.033,1.024,-0.433
M01SU1V1,-0.204,1.017,0.053
M01SU2V1,-0.123,1.021,0.216
M01SU2V2,-0.041,1.019,0.132
M01SU3V1,-0.197,1.023,0.04
M01SU3V2,-0.442,1.021,0.158
M01SU4V1,-0.498,1.02,0.197
M01SU4V2,-0.514,1.021,-0.115
M01SU5V1,-0.41,1.02,-0.134
M02A0V1,-0.521,1.023,-1.057
M02A0V2,-0.535,1.019,-1.143
M02A1V1,0.739,1.023,-1.033
M02A2V1,0.75,1.021,-1.031
M02A3V1,0.692,1.018,-0.997
M02A4V1,-0.528,1.017,0.01
M02A4V2,-0.736,1.019,-0.192
M02A5V1,-0.806,1.022,-0.293
M02A5V2,-0.224,1.018,-0.044
M02A5V3,-0.187,1.023,-0.287
M02A5V4,-0.314,1.02,-0.423
M02D0V1,-0.452,1.022,-0.882
M02D0V2,-0.472,1.023,-0.965
M02D1V1,-0.42,1.024,0.087
M02D2V1,-0.375,1.024,0.048
M02D2V2,-0.338,1.011,0.091
M02D3V1,-0.32,1.023,0.148
M02D3V2,0.741,1.023,-0.948
M02D4V1,-0.318,1.028,0.133
M02D5V1,-0.283,1.026,0.129
M02F0V1,-0.598,1.023,-0.414
M02F0V2,-0.437,1.025,-0.732
M02F1V1,-0.6,1.025,-0.09
M02F2V1,-0.487,1.023,-0.147
M02F3V1,-0.498,1.026,-0.174
M02F4V1,-0.442,1.024,-0.195
M02F4V2,-0.405,1.025,-0.095
M02F5V1,-0.351,1.025,-0.123
M02H0V1,-0.369,1.017,-0.095
M02H0V2,-0.463,1.016,-0.199
M02H1V1,-0.038,1.019,0.117
M02H1V2,0.057,1.028,0.051
M02H1V3,-0.021,1.025,-0.072
M02H2V1,0.202,1.026,-0.081
M02H3V1,0.239,1.025,-0.137
M02H4V1,-0.448,1.023,-0.044
M02H5V1,-0.371,1.024,-0.089
M02N1V1,-0.458,1.019,-0.41
M02N1V2,-0.294,1.019,0.042
M02N2V1,-0.299,1.024,-0.027
M02N3V1,-0.331,1.021,-0.13
M02N4V1,-0.402,1.019,-0.206
M02N5V1,0.011,1.027,0.069
M02SA0V1,-0.476,1.024,-0.756
M02SA1V1,-0.349,1.018,-0.374
M02SA1V2,-0.419,1.015,-0.432
M02SA2V1,-0.459,1.016,-0.614
M02SA2V2,-0.469,1.014,-0.747
M02SA3V1,0.044,1.025,-0.084
M02SA4V1,0.127,1.022,-0.089
M02SA5V1,0.153,1.015,-0.174
M02SA5V2,0.251,1.022,-0.223
M02SU0V1,-0.45,1.022,-1.219
M02SU0V2,-0.481,1.02,-0.309
M02SU1V1,0.226,1.024,-0.224
M02SU2V1,0.176,1.021,-0.23
M02SU3V1,0.168,1.02,-0.257
M02SU4V1,0.271,1.023,-0.276
M02SU5V1,0.294,1.024,-0.318
M03A0V1,-1.65,1.025,-2.354
M03A0V2,-2.631,1.025,-2.998
M03A0V3,-3.018,1.023,-3.405
M03A1V1,-0.623,1.016,-0.046
M03A2V1,-0.305,1.021,-0.261
M03A3V1,-0.264,1.015,0.044
M03A4V1,-0.603,1.018,-0.077
M03A5V1,-0.662,1.017,-0.019
M03D0V1,-1.436,1.026,-2.063
M03D0V2,-1.562,1.027,-1.951
M03D1V1,-0.376,1.017,0.011
M03D1V2,-0.396,1.02,0.005
M03D2V1,-0.644,1.016,-0.455
M03D3V1,-0.388,1.021,-0.061
M03D3V2,-0.441,1.015,-0.096
M03D3V3,-0.133,1.022,-0.015
M03D3V4,-0.172,1.027,-0.038
M03D4V1,-0.556,1.018,-0.316
M03D5V1,-0.414,1.019,-0.234
M03D5V2,-0.492,1.017,-0.252
M03F0V1,-1.029,1.029,-1.757
M03F0V2,-1.338,1.024,-1.586
M03F1V1,-0.593,1.023,-0.594
M03F2V1,-0.682,1.024,-0.174
M03F3V1,-0.634,1.022,-0.222
M03F4V1,-0.599,1.027,-0.376
M03F4V2,-0.174,1.026,0.099
M03F5V1,-0.6,1.027,-0.117
M03H0V1,-0.123,1.028,-1.468
M03H0V2,0.452,1.025,-1.68
M03H0V3,-0.522,1.031,-0.22
M03H0V4,-0.529,1.029,-0.86
M03H1V1,-0.754,1.021,-1.17
M03H2V1,-0.437,1.018,-0.133
M03H3V1,-0.554,1.019,-0.388
M03H4V1,-0.998,1.02,-1.018
M03H5V1,-0.214,1.02,-0.065
M03N1V1,-3.336,1.026,-3.238
M03N2V1,-3.331,1.026,-3.3
M03N3V1,-3.386,1.025,-3.338
M03N3V2,-3.405,1.025,-3.395
M03N4V1,-3.443,1.024,-3.488
M03N5V1,-3.422,1.025,-3.575
M03SA0V1,-1.508,1.027,-2.273
M03SA1V1,-1.368,1.028,-1.839
M03SA2V1,-1.241,1.027,-0.949
M03SA2V2,-1.311,1.027,-1.085
M03SA3V1,-1.079,1.021,-0.787
M03SA4V1,-1.025,1.021,-0.703
M03SA4V2,-0.986,1.026,-0.71
M03SA5V1,-0.99,1.027,-0.579
M03SU0V1,-1.205,1.028,-1.84
M03SU0V2,-1.334,1.026,-2.065
M03SU1V1,-0.104,1.026,-0.147
M03SU2V1,-0.594,1.023,-0.766
M03SU2V2,-0.651,1.026,-0.699
M03SU3V1,-0.286,1.023,-0.277
M03SU3V2,-0.348,1.022,-0.485
M03SU3V3,-0.521,1.022,-0.592
M03SU4V1,-0.207,1.026,-0.148
M03SU5V1,-1.53,1.024,-1.777
M03SU5V2,-1.635,1.026,-1.828
M04A0V1,-0.236,1.047,-0.223
M04A0V2,-0.225,1.052,-0.108
M04A0V3,0.321,1.021,-0.954
M04A1V1,-0.203,1.017,-0.294
M04A1V2,-0.183,1.023,-0.663
M04A2V1,-0.213,1.004,-0.491
M04A3V1,-0.048,1.015,-0.033
M04A3V2,-0.014,1.026,-0.024
M04A3V3,-0.065,1.018,-0.425
M04A4V1,-0.517,1.023,-0.19
M04A4V2,-0.594,1.001,-0.707
M04A5V1,0.175,1.035,-0.282
M04D0V1,-0.114,1.023,-0.686
M04D1V1,-0.515,1.02,-0.101
M04D1V2,-0.454,1.02,0.031
M04D2V1,-0.59,1.028,-0.094
M04D2V2,-0.479,1.034,-0.073
M04D3V1,0.365,1.035,0.009
M04D3V2,0.066,1.005,-0.533
M04D4V1,-0.525,1.029,-0.112
M04D4V2,0.098,1.037,-0.104
M04D5V1,0.085,1.041,0.085
M04D5V2,0.257,1.039,0.024
M04F0V1,0.024,1.023,-0.396
M04F1V1,0.036,1.019,-0.506
M04F1V2,0.022,1.012,-0.498
M04F1V3,0.116,1.025,0.025
M04F1V4,0.099,1.018,-0.113
M04F2V1,0.032,1.007,0.693
M04F2V2,0.271,1.016,0.491
M04F3V1,0.16,1.007,0.647
M04F3V2,-0.139,1.022,-0.138
M04F4V1,-0.201,1.019,-0.09
M04F4V3,-0.42,1.028,-0.521
M04F5V1,-0.101,1.031,-0.081
M04H0V1,-0.059,1.026,-0.014
M04H0V2,-0.286,1.005,-0.082
M04H0V3,0.099,1.03,-0.336
M04H0V4,-0.112,1.045,-0.33
M04H1V1,0.255,1.033,-0.347
M04H1V2,0.632,1.037,-0.421
M04H2V1,0.543,1.016,-0.537
M04H2V2,0.836,1.035,-0.785
M04H2V3,1.111,1.032,-1.012
M04H3V1,1.245,1.035,-0.918
M04H3V2,1.704,1.036,-0.783
M04H3V3,0.133,1.03,-0.11
M04H4V1,0.213,1.05,-0.085
M04H4V2,0.803,1.031,-0.115
M04H4V3,1.267,1.034,-0.121
M04H4V4,1.298,1.026,-0.17
M04H4V5,1.378,1.002,-0.343
M04H4V6,-0.028,1.027,-0.135
M04H5V1,0.013,1.006,-0.039
M04H5V2,0.038,1.024,0.052
M04N1V1,0.106,1.027,-0.546
M04N2V1,0.129,1.025,-0.572
M04N3V1,0.057,1.026,-0.605
M04N3V2,-0.146,1.025,-1.074
M04N4V1,-0.104,1.029,-1.048
M04N5V1,-0.169,1.028,-1.188
M04N5V2,-0.02,1.008,-0.068
M04SA0V1,0.148,1.023,-0.473
M04SA1V1,0.331,1.024,0.543
M04SA1V2,-0.087,1.038,0.123
M04SA1V3,-0.195,1.039,-0.169
M04SA2V1,-0.277,1.038,-0.028
M04SA2V2,-0.252,1.023,-0.004
M04SA3V1,-0.165,1.035,0.068
M04SA4V1,-0.237,1.022,0.236
M04SA5V1,-0.154,1.026,-0.305
M04SA5V2,-0.047,1.023,-0.56
M04SU0V1,-0.327,1.015,-0.734
M04SU0V2,-0.168,1.019,-0.629
M04SU0V3,-0.003,1.016,-0.185
M04SU1V1,-0.031,1.03,0.01
M04SU2V1,-0.094,1.024,0.146
M04SU2V2,-0.124,1.011,0.149
M04SU3V1,-0.123,1.02,0.105
M04SU3V2,-0.305,1.042,-0.09
M04SU3V3,-0.609,1.042,-0.044
M04SU4V1,-0.6,1.024,0.101
M04SU5V1,-0.802,1.024,0.265
M05A0V1,-0.208,1.024,0.082
M05A1V1,-0.743,1.025,0.417
M05A1V2,-0.776,1.026,0.464
M05A2V1,-0.584,1.025,0.194
M05A2V2,-0.66,1.026,0.35
M05A3V1,-0.486,1.026,0.151
M05A4V1,-0.244,1.025,-0.008
M05A5V1,-0.522,1.024,0.116
M05A5V2,-0.097,1.024,0.003
M05D0V1,-0.563,1.037,-0.034
M05D1V1,-1.612,1.026,1.694
M05D1V2,-1.617,1.025,1.767
M05D2V1,-1.56,1.026,1.619
M05D3V1,-1.465,1.026,1.553
M05D4V1,-1.487,1.02,1.466
M05D4V2,-1.341,1.024,1.493
M05D5V1,-1.208,1.026,1.226
M05D5V2,-1.348,1.024,1.334
M05F0V1,-0.357,1.024,0.317
M05F0V2,-0.416,1.025,-0.04
M05F0V3,-0.408,1.024,-0.092
M05F1V1,-0.576,1.026,0.202
M05F2V1,-0.39,1.023,0.103
M05F3V1,-0.458,1.026,0.242
M05F4V1,-0.403,1.022,0.173
M05F4V2,-0.406,1.025,0.197
M05F5V1,-1.655,1.019,1.846
M05H0V1,-0.185,1.019,-0.001
M05H0V2,-0.523,1.025,0.154
M05H0V3,-0.551,1.022,0.102
M05H0V4,-0.584,1.021,0.122
M05H0V5,-0.116,1.025,0.045
M05H1V1,-1.21,1.032,1.059
M05H1V2,-1.329,1.024,1.055
M05H1V3,-1.442,1.026,1.08
M05H2V1,-1.097,1.023,1.018
M05H3V1,-0.92,1.027,0.845
M05H3V2,-0.977,1.026,0.916
M05H4V1,-0.828,1.025,0.786
M05H5V1,-0.808,1.026,0.451
M05N1V1,-0.366,1.021,0.02
M05N1V2,-0.397,1.018,0.137
M05N2V1,-0.433,1.025,0.186
M05N3V1,-0.482,1.024,0.167
M05N4V1,-0.495,1.027,0.16
M05N5V1,-0.605,1.03,0.062
M05SA0V1,-0.304,1.024,0.285
M05SA1V1,-0.452,1.023,0.071
M05SA1V2,-0.503,1.025,-0.02
M05SA2V1,-0.194,1.019,-1.948
M05SA3V1,0.098,1.025,-2.047
M05SA3V2,-0.022,1.024,-1.976
M05SA3V3,-0.063,1.025,-1.967
M05SA4V1,-0.73,1.021,0.291
M05SA4V2,0.205,1.024,-2.247
M05SA5V1,-0.623,1.023,0.235
M05SU0V1,-0.723,1.025,0.107
M05SU1V1,-1.265,1.025,1.066
M05SU2V1,-1.27,1.026,0.853
M05SU2V2,-1.356,1.024,0.943
M05SU3V1,-0.902,1.018,0.459
M05SU3V2,-1.327,1.025,0.639
M05SU4V1,-0.821,1.027,0.177
M05SU4V2,-0.941,1.023,0.466
M05SU5V1,-0.704,1.02,0.205
M05SU5V2,-0.754,1.027,0.228
M06A0V1,-0.282,1.026,0.223
M06A1V1,0.258,1.025,-0.103
M06A2V1,-0.298,1.026,-0.707
M06A2V2,0.116,1.024,-0.005
M06A3V1,-0.427,1.024,-0.308
M06A4V1,0.01,1.026,-0.177
M06A4V2,-0.5,1.024,-0.15
M06A5V1,-0.035,1.027,-0.049
M06D0V1,-0.158,1.021,0.056
M06D1V1,-0.451,1.025,-0.106
M06D1V2,-0.459,1.027,-0.171
M06D2V1,-0.045,1.026,-0.07
M06D2V2,-0.475,1.025,-0.123
M06D3V1,-0.154,1.024,-0.042
M06D4V1,0.034,1.026,0.031
M06D5V1,-0.01,1.025,0.014
M06F0V1,-0.164,1.02,0.283
M06F0V2,-0.179,1.019,0.265
M06F1V1,-1.753,1.023,1.022
M06F2V1,-1.653,1.017,0.945
M06F3V1,-1.468,1.024,0.466
M06F3V2,-1.48,1.025,0.511
M06F4V1,-1.044,1.019,-0.109
M06F4V2,-1.203,1.023,0.415
M06F5V1,-0.465,1.024,-0.162
M06F5V2,-0.609,1.021,-0.132
M06H0V1,0.874,1.025,-1.562
M06H0V2,-0.359,1.025,0.028
M06H1V1,-0.495,1.024,-0.254
M06H2V1,-0.209,1.026,-0.431
M06H3V1,-0.277,1.023,-0.181
M06H4V1,-0.143,1.027,-0.231
M06H4V2,-0.021,1.025,0.1
M06H4V3,-0.362,1.027,-0.552
M06H5V1,0.421,1.023,-0.254
M06H5V2,-0.449,1.027,-0.002
M06N1V2,0.023,1.024,-0.047
M06N2V1,0.094,1.026,-0.196
M06N3V1,0.165,1.025,-0.43
M06N4V1,0.196,1.026,-0.603
M06N5V1,0.143,1.016,-0.729
M06SA0V1,-0.108,1.022,0.097
M06SA0V2,0.045,1.025,-0.402
M06SA1V1,0.308,1.027,-0.029
M06SA1V2,0.335,1.027,-0.095
M06SA2V1,0.034,1.027,0.036
M06SA3V1,-2.048,1.024,1.322
M06SA4V1,-1.971,1.027,1.179
M06SA5V1,0.463,1.026,-0.137
M06SU0V1,-0.286,1.021,0.017
M06SU0V2,-0.109,1.02,-0.028
M06SU1V2,-0.027,1.026,0.035
M06SU2V1,0.079,1.022,-0.721
M06SU2V2,-0.319,1.024,-0.574
M06SU3V1,0.062,1.023,-0.626
M06SU4V1,0.019,1.023,-0.365
M06SU5V1,0.029,1.022,-0.405
M07A0V1,-0.383,1.022,-1.155
M07A1V1,-0.561,1.023,-0.118
M07A2V1,-0.444,1.029,-0.09
M07A3V1,-0.665,1.028,-0.127
M07A4V1,-0.948,1.026,-0.068
M07A5V1,-1.151,1.029,0.297
M07D0V1,-0.394,1.023,-0.839
M07D1V1,-1.502,1.028,-1.084
M07D1V2,-1.799,1.026,-1.231
M07D2V1,-1.645,1.026,-1.442
M07D3V1,-0.456,1.023,-0.049
M07D4V1,-0.244,1.022,-0.34
M07D5V1,-0.38,1.002,-0.091
M07F0V1,0.097,1.021,-0.198
M07F0V2,-0.195,1.022,0.063
M07F1V1,-0.585,1.008,-0.388
M07F2V1,-0.774,1.002,-0.405
M07F3V1,-0.507,1.024,-0.376
M07F3V2,-0.23,1.03,-0.084
M07F4V1,-0.593,1.032,-0.054
M07F5V1,1.453,1.028,0.175
M07H0V1,-0.621,1.028,-0.342
M07H0V2,-0.727,1.014,-0.622
M07H1V1,0.197,1.027,-0.257
M07H1V2,-0.43,1.029,-0.131
M07H2V1,-0.501,1.027,-0.323
M07H3V1,-0.603,1.028,-0.413
M07H4V1,-0.166,1.026,-0.236
M07H4V2,-0.454,1.026,-0.121
M07H5V1,-0.356,1.047,-0.198
M07H5V2,-0.437,1.025,0.14
M07N1V1,0.05,1.023,-0.005
M07N2V1,-0.166,1.026,-0.041
M07N2V2,-0.16,1.025,-0.332
M07N3V1,-0.119,1.024,-0.432
M07N3V2,-0.249,1.025,-0.462
M07N3V3,-0.348,1.021,-0.354
M07N4V1,-0.408,1.021,-0.48
M07N4V2,-0.405,1.024,-0.532
M07N5V1,-0.483,1.026,-0.571
M07SA0V1,0.141,1.015,-0.227
M07SA1V1,1.438,1.03,0.618
M07SA2V1,-0.241,1.024,-0.071
M07SA2V2,-0.151,1.023,-0.07
M07SA3V1,-0.358,1.027,0.488
M07SA3V2,-0.286,1.027,-0.397
M07SA4V1,-0.26,1.028,-0.23
M07SA5V1,-0.358,1.027,-0.112
M07SU0V1,-0.474,1.021,-0.866
M07SU1V1,-0.626,1.024,-0.678
M07SU2V1,-0.98,1.023,-0.703
M07SU3V1,-1.314,1.026,-0.701
M07SU4V1,-1.405,1.02,-0.716
M07SU4V2,-1.482,1.018,-0.636
M07SU5V1,-1.472,1.023,-0.573
M08A0V1,1.435,1.01,-1.83
M08A1V1,0.102,1.026,-0.228
M08A1V2,0.203,1.024,-0.285
M08A1V3,0.187,1.021,-0.327
M08A2V1,0.439,1.024,-0.171
M08A3V1,0.632,1.004,-0.233
M08A4V1,0.482,1.022,-0.177
M08A5V1,0.588,1.013,-0.014
M08D0V1,0.155,1.013,-0.355
M08D0V2,0.248,1.021,-0.381
M08D1V1,-0.337,1.026,0.534
M08D1V2,-0.38,1.018,0.438
M08D1V3,-0.431,1.024,0.491
M08D2V1,-0.514,1.022,0.605
M08D3V1,0.184,1.02,-0.013
M08D4V1,-0.427,1.024,0.722
M08D5V1,-0.519,1.023,-0.058
M08F0V1,1.094,1.015,-1.968
M08F0V2,-0.084,1.015,0.029
M08F0V3,0.08,1.02,-0.12
M08F0V4,0.147,1.013,-0.064
M08F0V5,0.453,1.023,-0.665
M08F0V6,-0.497,1.024,0.518
M08F1V1,-0.067,1.026,0.177
M08F1V2,0.298,1.025,-0.295
M08F1V3,-0.205,1.025,0.964
M08F2V1,0.113,1.03,0.855
M08F3V1,-0.154,1.029,0.937
M08F4V1,-0.447,1.02,-0.029
M08F4V2,-0.367,1.026,0.697
M08F5V1,0.217,1.024,-0.135
M08H0V1,1.679,1.015,-1.928
M08H0V2,1.672,1.018,-2.001
M08H0V3,1.435,1.013,-1.779
M08H1V1,-0.622,1.011,0.663
M08H1V2,-0.731,1.006,0.664
M08H1V3,-0.721,1.016,0.475
M08H2V1,0.173,1.008,-0.426
M08H3V1,0.486,1.025,-0.43
M08H3V2,0.406,1.02,-0.185
M08H4V1,0.478,1.031,-0.237
M08H5V1,0.589,1.025,-0.046
M08H5V2,1.115,1.025,-1.974
M08N1V1,-0.519,1.022,0.63
M08N2V1,-0.443,1.026,0.388
M08N3V1,-0.548,1.022,0.641
M08N4V1,0.209,1.021,-0.171
M08N5V1,0.178,1.017,-0.316
M08SA0V1,1.368,1.013,-2.329
M08SA0V2,1.173,1.024,-2.058
M08SA0V3,1.134,1.024,-2.049
M08SA1V1,0.515,1.021,-0.003
M08SA1V2,-0.256,1.028,0.228
M08SA2V1,-0.276,1.026,0.347
M08SA2V2,-0.166,1.021,0.431
M08SA2V3,-0.245,1.02,0.413
M08SA3V1,-0.084,1.027,0.126
M08SA3V2,-0.128,1.023,0.264
M08SA4V1,-0.407,1.025,0.497
M08SA5V1,-0.378,1.026,0.404
M08SU0V1,0.002,1.015,-0.555
M08SU0V2,-0.21,1.018,-1.559
M08SU0V3,0.218,1.016,-0.392
M08SU1V1,-0.521,1.026,0.032
M08SU1V2,-0.457,1.024,0.014
M08SU2V1,-0.211,1.018,0.005
M08SU3V1,-0.214,1.024,0.058
M08SU3V2,-0.12,1.022,0.116
M08SU4V1,-0.079,1.026,0.223
M08SU5V1,-0.251,1.02,0.501
M08SU5V2,-0.251,1.027,0.699
M08SU5V3,-0.003,1.026,-0.086
M09A0V1,1.313,1.025,-2.81
M09A0V2,1.262,1.027,-2.772
M09A1V1,-0.368,1.025,-0.659
M09A1V2,-0.444,1.026,0.046
M09A2V1,-0.511,1.025,-0.508
M09A3V1,-0.51,1.026,-0.61
M09A3V2,-0.234,1.024,0.007
M09A4V1,-0.256,1.023,-0.146
M09A5V1,0.035,1.024,0
M09A5V2,-0.374,1.024,0.025
M09D0V1,-0.386,1.023,-0.089
M09D1V1,-0.621,1.025,-0.264
M09D1V2,-0.636,1.027,-0.305
M09D1V3,-0.591,1.029,-0.543
M09D1V4,-0.553,1.026,-0.047
M09D2V1,-0.371,1.022,-0.463
M09D2V2,-0.418,1.028,-0.49
M09D2V3,-0.416,1.026,-0.572
M09D3V1,-0.584,1.026,-0.516
M09D3V2,-0.353,1.029,-0.162
M09D4V1,-0.503,1.027,-0.23
M09D5V1,-0.542,1.028,-0.483
M09D5V2,-0.598,1.028,-0.516
M09F0V1,-0.451,1.029,0.04
M09F1V1,-0.604,1.028,-1.182
M09F1V2,-0.658,1.028,-1.096
M09F2V1,-0.732,1.023,-0.954
M09F3V1,-0.758,1.028,-1.032
M09F4V1,-0.379,1.029,-0.114
M09F4V2,-0.402,1.03,0.001
M09F5V1,-0.48,1.028,-0.191
M09H0V1,1.143,1.014,-2.319
M09H0V2,1.276,1.023,-2.388
M09H1V1,-0.422,1.028,-0.213
M09H1V2,-0.455,1.025,-0.012
M09H1V3,-0.546,1.028,-0.212
M09H2V1,-0.577,1.023,-0.203
M09H3V1,-0.549,1.029,-0.299
M09H3V2,-0.61,1.026,-0.382
M09H4V1,-0.646,1.028,-0.633
M09H5V1,-0.606,1.027,-0.857
M09N1V1,-0.359,1.023,-0.254
M09N1V2,-0.359,1.024,-0.297
M09N1V3,-0.374,1.024,-0.317
M09N1V4,-0.364,1.024,-0.383
M09N2V1,-0.354,1.03,-0.386
M09N3V1,-0.363,1.024,-0.434
M09N4V1,-0.354,1.028,-0.511
M09N5V1,-0.376,1.027,-0.531
M09SA0V1,1.145,1.024,-2.891
M09SA1V1,-0.223,1.023,-0.076
M09SA1V2,-0.365,1.024,0.176
M09SA2V1,0.003,1.028,0.035
M09SA2V2,-0.085,1.028,0.111
M09SA2V3,-0.069,1.027,-0.103
M09SA3V1,-0.04,1.028,-0.205
M09SA4V1,-0.07,1.028,-0.183
M09SA4V2,-0.421,1.029,-0.036
M09SA5V1,-0.467,1.028,-0.014
M09SA5V2,-0.471,1.028,-0.006
M09SU0V1,-0.427,1.028,-0.066
M09SU0V2,-0.394,1.023,0.035
M09SU1V1,-0.476,1.029,-0.035
M09SU1V2,-0.508,1.028,-0.086
M09SU1V3,-0.532,1.027,-0.17
M09SU2V1,-0.541,1.028,-0.181
M09SU3V1,-0.542,1.031,-0.212
M09SU3V2,-0.43,1.028,-0.009
M09SU4V1,-0.129,1.027,-0.017
M09SU5V1,-0.065,1.026,-0.093
M09SU5V2,-0.331,1.029,-0.131
M10A0V1,0.24,1.026,-1.739
M10A0V2,0.213,1.026,-1.698
M10A0V3,-0.024,1.028,0.071
M10A1V1,-0.49,1.029,0.12
M10A1V2,-0.545,1.03,0.156
M10A2V1,-0.575,1.026,0.174
M10A3V1,-0.63,1.029,0.2
M10A4V1,-0.68,1.029,0.179
M10A5V1,-0.662,1.029,0.173
M10D0V1,-0.319,1.028,0.064
M10D0V2,-0.383,1.028,-0.025
M10D1V1,-0.408,1.028,-0.004
M10D2V1,-0.487,1.028,0.033
M10D2V2,-0.478,1.028,0.029
M10D3V1,-0.574,1.029,0.031
M10D4V1,-0.388,1.028,0.026
M10D4V2,-0.466,1.029,-0.012
M10D5V1,-0.513,1.029,0.051
M10F0V1,-0.07,1.027,0.139
M10F0V2,-0.25,1.028,0.032
M10F1V1,-0.476,1.028,0.139
M10F1V2,-0.585,1.027,0.187
M10F1V3,-0.612,1.029,0.152
M10F2V1,-0.688,1.029,0.189
M10F2V2,-0.762,1.026,0.077
M10F2V3,-1.006,1.025,0.195
M10F3V1,-1.05,1.028,0.258
M10F4V1,-0.465,1.028,0.037
M10F4V2,-0.601,1.029,0.025
M10F4V3,-0.624,1.029,-0.055
M10F4V4,-0.633,1.024,-0.035
M10F4V5,-0.643,1.025,-0.311
M10F5V1,-0.673,1.03,0.032
M10H0V1,0.46,1.028,-1.583
M10H0V2,0.385,1.027,-1.65
M10H1V1,-0.773,1.027,0.148
M10H2V1,-0.725,1.029,0.273
M10H3V1,-0.764,1.03,0.225
M10H4V1,-0.859,1.034,0.198
M10H5V1,-0.882,1.03,0.197
M10N1V1,-0.577,1.017,0.01
M10N2V1,-0.611,1.028,0.002
M10N3V1,-0.632,1.023,-0.024
M10N4V1,-0.604,1.028,-0.063
M10N5V1,-0.693,1.028,-0.023
M10SA0V1,-0.097,1.026,0.038
M10SA0V2,-0.123,1.027,0.071
M10SA1V1,-0.756,1.03,0.102
M10SA1V2,-0.454,1.029,0.005
M10SA1V3,-0.535,1.029,-0.019
M10SA2V1,-0.611,1.029,-0.014
M10SA3V1,-0.627,1.021,-0.036
M10SA3V2,-0.657,1.027,-0.019
M10SA4V1,-0.68,1.026,0.002
M10SA4V2,-0.727,1.027,0.027
M10SA5V1,-0.731,1.028,-0.005
M10SA5V2,-0.709,1.027,-0.03
M10SU0V1,-0.5,1.022,-0.048
M10SU1V1,-0.843,1.027,0.242
M10SU1V2,-0.484,1.028,-0.017
M10SU1V3,-0.534,1.028,-0.082
M10SU2V1,-0.66,1.029,-0.07
M10SU2V2,-0.692,1.028,-0.033
M10SU2V3,-0.739,1.026,-0.044
M10SU3V1,-0.769,1.028,-0.059
M10SU3V2,-0.855,1.029,-0.047
M10SU3V3,-0.877,1.029,-0.089
M10SU4V1,-0.93,1.029,-0.115
M10SU4V2,-0.939,1.029,-0.149
M10SU4V3,-0.628,1.026,-0.119
M10SU5V1,-0.658,1.029,-0.089
M10SU5V2,-0.682,1.03,-0.125
M11A0V1,1.06,1.024,-1.819
M11A1V1,0.715,1.02,-2.123
M11A2V1,0.686,1.021,-2.091
M11A3V1,0.747,1.022,-2.087
M11A4V1,0.642,0.955,-2.13
M11A5V1,0.872,1.019,-2.121
M11D0V1,1.002,1.027,-2.141
M11D0V2,0.973,1.029,-1.971
M11D1V1,0.023,1.016,0.196
M11D2V1,-0.016,1.014,0.321
M11D2V2,-0.065,1.015,0.343
M11D3V1,-0.121,1.018,0.323
M11D4V1,-0.108,1.015,-0.042
M11D5V1,-0.294,1.014,0.232
M11F0V1,1.104,1.025,-1.831
M11F0V2,1.03,1.026,-1.75
M11F0V3,1.031,1.024,-2.337
M11F1V1,1.399,1.011,-2.33
M11F1V2,0.055,1.018,-0.011
M11F1V3,0.078,1.02,0.039
M11F2V1,0.205,1.021,0.158
M11F3V1,0.279,1.021,0.119
M11F4V1,0.189,1.018,0.196
M11F4V2,-0.287,1.02,0.149
M11F5V1,-0.236,1.019,0.001
M11H0V1,1.059,1.028,-1.546
M11H0V2,0.99,1.025,-1.814
M11H1V1,0.041,1.02,0.072
M11H1V2,0.484,1.022,-0.14
M11H2V1,0.496,1.02,-0.091
M11H3V1,0.746,1.015,-0.296
M11H4V1,0.694,1.017,-0.078
M11H5V1,0.711,1.021,-0.024
M11N1V1,0.899,1.025,-2.187
M11N2V1,0.887,1.024,-2.142
M11N2V2,0.964,1.027,-2.313
M11N3V1,0.825,1.007,-2.189
M11N4V1,1.001,1.019,-2.151
M11N5V1,0.856,1.025,-2.159
M11SA0V1,1.102,1.023,-1.849
M11SA1V1,-0.134,1.02,0.282
M11SA2V1,-0.132,1.013,0.282
M11SA3V1,-0.117,1.02,0.237
M11SA3V2,-0.035,1.016,0.186
M11SA4V1,-0.015,1.016,0.224
M11SA5V1,0.003,1.017,0.232
M11SU0V1,0.946,1.027,-2.025
M11SU1V1,0.909,1.022,-2.414
M11SU2V1,0.836,1.02,-2.262
M11SU3V1,0.878,1.02,-2.333
M11SU4V1,1.19,1.02,-2.582
M11SU5V1,1.129,1.02,-2.332
